abington, Abington
acton, Acton
acushnet, Acushnet
adams, Adams
agawam, Agawam
amesbury, Amesbury
amherst, Amherst
andover, Andover
aquinnah, Aquinnah
arlington, Arlington
ashburnham, Ashburnham
ashby, Ashby
ashfield, Ashfield
ashland, Ashland
athol, Athol
attleboro, Attleboro
auburn, Auburn
avon, Avon
ayer, Ayer
barnstable, Barnstable
barre, Barre
becket, Becket
bedford, Bedford
belchertown, Belchertown
bellingham, Bellingham
belmont, Belmont
berkley, Berkley
berlin, Berlin
bernardston, Bernardston
beverly, Beverly
billerica, Billerica
blackstone, Blackstone
bolton, Bolton
boston, Boston
bourne, Bourne
boxborough, Boxborough
boxford, Boxford
boylston, Boylston
braintree, Braintree
brewster, Brewster
bridgewater, Bridgewater
brimfield, Brimfield
brockton, Brockton
brookfield, Brookfield
brookline, Brookline
buckland, Buckingham
burlington, Burlington
cambridge, Cambridge
canton, Canton
carlisle, Carlisle
carver, Carver
charlemont, Charlemont
charlton, Charlton
chatham, Chatham
chelmsford, Chelmsford
chelsea, Chelsea
cheshire, Cheshire
chester, Chester
chesterfield, Chesterfield
chicopee, Chicopee
chilmark, Chilmark
clarksburg, Clarksburg
clinton, Clinton
cohasset, Cohasset
colrain, Colrain
concord, Concord
cummington, Cummington
dalton, Dalton
danvers, Danvers
dartmouth, Dartmouth
dedham, Dedham
deerfield, Deerfield
dennis, Dennis
dighton, Dighton
douglas, Douglas
dover, Dover
dracut, Dracut
dudley, Dudley
dunstable, Dunstable
duxbury, Duxbury
east-bridgewater, East Bridgewater
east-brookfield, East Brookfield
east-longmeadow, East Longmeadow
eastham, Eastham
easthampton, Easthampton
easton, Easton
edgartown, Edgartown
egremont, Egremont
erving, Erving
essex, Essex
everett, Everett
fairhaven, Fairhaven
fall-river, Fall River
falmouth, Falmouth
fitchburg, Fitchburg
foxborough, Foxborough
framingham, Framingham
franklin, Franklin
freetown, Freetown
gardner, Gardner
georgetown, Georgetown
gill, Gill
gloucester, Gloucester
goshen, Goshen
grafton, Grafton
granby, Granby
granville, Granville
great-barrington, Great Barrington
greenfield, Greenfield
groton, Groton
groveland, Groveland
hadley, Hadley
halifax, Halifax
hamilton, Hamilton
hampden, Hampden
hancock, Hancock
hanover, Hanover
hanson, Hanson
hardwick, Hardwick
harvard, Harvard
harwich, Harwich
hatfield, Hatfield
haverhill, Haverhill
hingham, Hingham
hinsdale, Hinsdale
holbrook, Holbrook
holden, Holden
holland, Holland
holliston, Holliston
holyoke, Holyoke
hopedale, Hopedale
hopkinton, Hopkinton
hubbardston, Hubbardston
hudson, Hudson
hull, Hull
ipswich, Ipswich
kingston, Kingston
lakeville, Lakeville
lancaster, Lancaster
lanesboro, Lanesboro
lawrence, Lawrence
lee, Lee
leicester, Leicester
lenox, Lenox
leominster, Leominster
leverett, Leverett
lexington, Lexington
leyden, Leyden
lincoln, Lincoln
littleton, Littleton
longmeadow, Longmeadow
lowell, Lowell
ludlow, Ludlow
lunenburg, Lunenburg
lynn, Lynn
lynnfield, Lynnfield
malden, Malden
manchester-by-the-sea, Manchester-by-the-sea
mansfield, Mansfield
marblehead, Marblehead
marion, Marion
marlborough, Marlborough
marshfield, Marshfield
mashpee, Mashpee
mattapoisett, Mattapoisett
maynard, Maynard
medfield, Medfield
medford, Medford
medway, Medway
melrose, Melrose
mendon, Mendon
merrimac, Merrimac
methuen, Methuen
middleborough, Middleborough
middleton, Middleton
milford, Milford
millbury, Millbury
millis, Millville
millville, Millville
milton, Milton
monson, Monson
montague, Montague
monterey, Monterey
montgomery, Montgomery
nahant, Nahant
nantucket, Nantucket
natick, Natick
needham, Needham
new-bedford, New Bedford
new-braintree, New Braintree
new-marlboro, New Marlboro
new-salem, New Salem
newbury, Newbury
newburyport, Newburyport
newton, Newton
norfolk, Norfolk
north-adams, North Adams
north-andover, North Andover
north-attleborough, North Attleborough
north-brookfield, North Brookfield
north-reading, North Reading
northampton, Northampton
northborough, Northborough
northbridge, Northbridge
northfield, Northfield
norton, Norton
norwell, Norwell
norwood, Norwood
oak-bluffs, Oak Bluffs
oakham, Oakham
orange, Orange
orleans, Orleans
otis, Otis
oxford, Oxford
palmer, Palmer
paxton, Paxton
peabody, Peabody
pelham, Pelham
pembroke, Pembroke
pepperell, Pepperell
petersham, Petersham
pittsfield, Pittsfield
plainfield, Plainfield
plainville, Plainville
plymouth, Plymouth
plympton, Plympton
princeton, Princeton
provincetown, Provincetown
quincy, Quincy
randolph, Randolph
raynham, Raynham
reading, Reading
rehoboth, Rehoboth
revere, Revere
richmond, Richmond
rochester, Rochester
rockland, Rockland
rockport, Rockport
rowe, Rowe
rowley, Rowley
royalston, Royalston
russell, Russell
rutland, Rutland
salem, Salem
salisbury, Salisbury
sandwich, Sandwich
saugus, Saugus
savoy, Savoy
scituate, Scituate
seekonk, Seekonk
sharon, Sharon
sheffield, Sheffield
shelburne, Shelburne
sherborn, Sherborn
shirley, Shirley
shrewsbury, Shrewsbury
shutesbury, Shutesbury
somerset, Somerset
somerville, Somerville
south-hadley, South Hadley
southampton, Southampton
southborough, Southborough
southbridge, Southbridge
southwick, Southwick
spencer, Spencer
springfield, Springfield
sterling, Sterling
stockbridge, Stockbridge
stoneham, Stoneham
stoughton, Stoughton
stow, Stow
sturbridge, Sturbridge
sudbury, Sudbury
sunderland, Sunderland
sutton, Sutton
swampscott, Swampscott
swansea, Swansea
taunton, Taunton
templeton, Templeton
tewksbury, Tewksbury
tisbury, Tisbury
tolland, Tolland
topsfield, Topsfield
townsend, Townsend
truro, Truro
tyngsborough, Tyngsborough
tyringham, Tyringham
upton, Upton
uxbridge, Uxbridge
wakefield, Wakefield
wales, Wales
walpole, Walpole
waltham, Waltham
ware, Ware
wareham, Wareham
warren, Warren
warwick, Warwick
watertown, Watertown
wayland, Wayland
webster, Webster
wellesley, Wellesley
wellfleet, Wellfleet
wendell, Wendell
wenham, Wenham
west-boylston, West Boylston
west-bridgewater, West Bridgewater
west-brookfield, West Brookfield
west-newbury, West Newbury
west-springfield, West Springfield
west-stockbridge, West Stockbridge
west-tisbury, West Tisbury
westborough, Westborough
westfield, Westfield
westford, Westford
westhampton, Westhampton
westminster, Westminster
weston, Weston
westport, Westport
westwood, Westwood
weymouth, Weymouth
whately, Whately
whitman, Whitman
wilbraham, Wilbraham
williamsburg, Williamsburg
williamstown, Williamstown
wilmington, Wilmington
winchendon, Winchendon
winchester, Winchester
winthrop, Winthrop
woburn, Woburn
worcester, Worcester
worthington, Worthington
wrentham, Wrentham
yarmouth, Yarmouth